{
    "Detail": {
         "Id": "1",
         "Cover":"https://cdn2.topica.vn/5a7a63749f7bfc459700033e/product/60013e7344d203002598bf58"
         "DetailTitle": "Bậc thầy bán hàng"
         "DescriptionTitle": "Tự tin giao tiếp qua điện thoại, tỷ lệ hẹn gặp và chốt sale lên đến 90%.
         "Time": 1:12:12
         "Play": 567
         "RateStar": 5
         "Heart": 69
         "CreatTime": 20/08/2011
         "ContentCourse" : "Doanh nhân, diễn giả.Với vai trò doanh nhân, anh có hơn 20 năm kinh nghiệm trực tiếp xây dựng và điều hành doanh nghiệp. Với vai trò là nhà đầu tư, anh có hơn 10 năm kinh nghiệm trực tiếp đầu tư và mua bán doanh nghiệp. Với vai trò diễn giả, anh có hơn 5 năm kinh nghiệm, trong thời gian vừa qua anh đã huấn luyện cho hơn 10,680++ học viên tự do về tài chính, trong đó có 1,286++ chủ doanh nghiệp biết cách điều hành doanh nghiệp bài bản và chuyên nghiệp.Triết lý sống.Anh cũng được ghi nhận là diễn giả hàng đầu huấn luyện về kinh doanh và đầu tư. Các chương trình của anh luôn thu hút rất nhiều nhà lãnh đạo, nhà quản lý trên khắp cả nước, tất cả các học viên sau khi tham dự đều đã tạo ra những đột phá lớn trong tài chính và sự nghiệp!"
         "ThumNail" :"https://edumall-is-user-upload.s3.ap-southeast-1.amazonaws.com/1625668746219_509404_avantar3.png"
         "Name":"Trung Phạm
         "Star": 9
         "ThumPlay": 623
         "People": 52
         "ContenDetail" : "Với vai trò doanh nhân, anh có hơn 20 năm kinh nghiệm trực tiếp xây dựng và điều hành doanh nghiệp. Với vai trò là nhà đầu tư, anh có hơn 10 năm kinh nghiệm trực tiếp đầu tư và mua bán doanh nghiệp. Với vai trò diễn giả, anh có hơn 5 năm kinh nghiệm, trong thời gian vừa qua anh đã huấn luyện cho hơn 10,680++ học viên tự do về tài chính, trong đó có 1,286++ chủ doanh nghiệp biết cách điều hành doanh nghiệp bài bản và chuyên nghiệp."
      }
}
