{
   "Login":{
      "Id":"1",
      "UserName":"Xuannguyenhumg@gmail.com",
      "PassWord":"Nguyen@1",
      "re_PassWord":"Nguyen@1"
   },
   "SlideShow":[
      {
         "Id":"1",
         "TitleHeader":"Lê Thẩm Dương",
         "DescriptionHeader":"Nâng cao kỹ năng cá nhân",
         "news":[
            {
               "Id":"123jhgf",
               "Title":"Ts. Lê Thẩm Dương- Chiến lược tài chính",
               "Price":"499,000 đ",
               "SellPrice":"399,000 đ",
               "Heart":"64",
               "Cover":"https://cdn2.topica.vn/191ab4fd-9c62-4494-b209-51f86a3924d3/product/60740c5331b9ae0024d5d228"
            },
            {
               "Id":"12345",
               "Title":"Tổng quản trị rủi ro",
               "Price":"699,000 đ",
               "SellPrice":"399,000 đ",
               "Heart":"30",
               "Cover":"https://cdn2.topica.vn/5ebb9f15cb5acb6ea8abbd64/product/60f53c542100810024e3e6df"
            },
            {
               "Id":"12398",
               "Title":"Bí quyết trở thành người đúng đầy",
               "Price":"599,000 đ",
               "SellPrice":"399,000 đ",
               "Heart":"40",
               "Cover":"https://cdn2.topica.vn/5a7a63749f7bfc459700033e/product/5fffe8f944d203002598bb98"
            },
            {
               "Id":"12398ew",
               "Title":"Nghệ thuật bán hàng đỉnh cao",
               "Price":"399,000 đ",
               "SellPrice":"399,000 đ",
               "Heart":"400",
               "Cover":"https://cdn2.topica.vn/191ab4fd-9c62-4494-b209-51f86a3924d3/product/604f03dc9a780e002578811e"
            },
            {
               "Id":"1239812",
               "Title":"Quản trị kinh doanh tiêu thụ",
               "Price":"799,000 đ",
               "SellPrice":"399,000 đ",
               "Heart":"100",
               "Cover":"https://cdn2.topica.vn/5ebb9f15cb5acb6ea8abbd64/product/60f53c542100810024e3e6df"
            }
         ]
      }
   ]
}
